,AminoAcid,Codon,RSCU,Virus
0,,TTT,1.3358490566037735,HKU8
1,,TTC,0.6641509433962264,HKU8
2,,TTA,1.161841907904605,HKU8
3,,TTG,1.721613919304035,HKU8
4,,TCT,1.4951716738197427,HKU8
5,,TCC,0.651824034334764,HKU8
6,,TCA,1.1942060085836912,HKU8
7,,TCG,0.563304721030043,HKU8
8,,TAT,1.1492459698387936,HKU8
9,,TAC,0.8507540301612064,HKU8
10,,TGT,1.227741935483871,HKU8
11,,TGC,0.772258064516129,HKU8
12,,TGG,1.0,HKU8
13,,CTT,1.0646467676616171,HKU8
14,,CTC,0.42657867106644676,HKU8
15,,CTA,0.6992650367481626,HKU8
16,,CTG,0.9260536973151343,HKU8
17,,CCT,1.4717416378316033,HKU8
18,pro,CCC,0.5767012687427913,HKU8
19,pro,CCA,1.4048442906574394,HKU8
20,pro,CCG,0.5467128027681661,HKU8
21,,CAT,1.0344332855093257,HKU8
22,his,CAC,0.9655667144906743,HKU8
23,gln,CAA,1.0661870503597122,HKU8
24,gln,CAG,0.9338129496402877,HKU8
25,,CGT,1.4082941427960667,HKU8
26,arg,CGC,0.705429670799487,HKU8
27,arg,CGA,0.5540829414279607,HKU8
28,arg,CGG,0.44121419410004276,HKU8
29,,ATT,1.5761194029850747,HKU8
30,,ATC,0.5501066098081023,HKU8
31,,ATA,0.8737739872068231,HKU8
32,,ATG,1.0,HKU8
33,,ACT,1.453401494298073,HKU8
34,thr,ACC,0.8824223358238301,HKU8
35,thr,ACA,1.1293747542272905,HKU8
36,thr,ACG,0.5348014156508062,HKU8
37,,AAT,1.191969887076537,HKU8
38,asn,AAC,0.8080301129234629,HKU8
39,lys,AAA,0.8504043126684636,HKU8
40,lys,AAG,1.1495956873315365,HKU8
41,,AGT,1.3100858369098713,HKU8
42,ser,AGC,0.7854077253218885,HKU8
43,arg,AGA,1.5365540829414281,HKU8
44,arg,AGG,1.354424967935015,HKU8
45,,GTT,1.6335227272727273,HKU8
46,,GTC,0.5738636363636364,HKU8
47,,GTA,0.7045454545454546,HKU8
48,,GTG,1.0880681818181819,HKU8
49,,GCT,1.564673700664322,HKU8
50,ala,GCC,0.7737397420867527,HKU8
51,ala,GCA,1.1223134036733098,HKU8
52,ala,GCG,0.5392731535756154,HKU8
53,,GAT,1.2403100775193798,HKU8
54,asp,GAC,0.7596899224806202,HKU8
55,glu,GAA,1.093358999037536,HKU8
56,glu,GAG,0.9066410009624639,HKU8
57,,GGT,1.7866909753874203,HKU8
58,gly,GGC,1.0793072014585232,HKU8
59,gly,GGA,0.6599817684594348,HKU8
60,gly,GGG,0.4740200546946217,HKU8
0,,TTT,1.3312580669653025,Covid-19
1,,TTC,0.6687419330346974,Covid-19
2,,TTA,1.3706189410887397,Covid-19
3,,TTG,1.3118941088739746,Covid-19
4,,TCT,1.4929636193057438,Covid-19
5,,TCC,0.5253830918377984,Covid-19
6,,TCA,1.4992181799228605,Covid-19
7,,TCG,0.29114979672677993,Covid-19
8,,TAT,0.9775876499581512,Covid-19
9,,TAC,1.0224123500418487,Covid-19
10,,TGT,1.2328699918233852,Covid-19
11,,TGC,0.7671300081766149,Covid-19
12,,TGG,1.0,Covid-19
13,,CTT,1.1726323639075318,Covid-19
14,,CTC,0.4621551081282625,Covid-19
15,,CTA,0.9036167039522744,Covid-19
16,,CTG,0.779082774049217,Covid-19
17,,CCT,1.5185431343878772,Covid-19
18,pro,CCC,0.5449953476006912,Covid-19
19,pro,CCA,1.579688953874784,Covid-19
20,pro,CCG,0.3567725641366476,Covid-19
21,,CAT,1.0477623166603987,Covid-19
22,his,CAC,0.9522376833396013,Covid-19
23,gln,CAA,1.222041148910165,Covid-19
24,gln,CAG,0.777958851089835,Covid-19
25,,CGT,0.7480505978166696,Covid-19
26,arg,CGC,0.4137931034482759,Covid-19
27,arg,CGA,0.3815629873505459,Covid-19
28,arg,CGG,0.3243805233061861,Covid-19
29,,ATT,1.4955771305285868,Covid-19
30,,ATC,0.6332254584681769,Covid-19
31,,ATA,0.8711974110032362,Covid-19
32,,ATG,1.0,Covid-19
33,,ACT,1.313678589308561,Covid-19
34,thr,ACC,0.7741002391945263,Covid-19
35,thr,ACA,1.5671135339600601,Covid-19
36,thr,ACG,0.34510763753685264,Covid-19
37,,AAT,1.0889607076033339,Covid-19
38,asn,AAC,0.9110392923966661,Covid-19
39,lys,AAA,1.191983780411728,Covid-19
40,lys,AAG,0.808016219588272,Covid-19
41,,AGT,1.3766287918273743,Covid-19
42,ser,AGC,0.8146565203794434,Covid-19
43,arg,AGA,2.700571824640444,Covid-19
44,arg,AGG,1.431640963437879,Covid-19
45,,GTT,1.420580474934037,Covid-19
46,,GTC,0.5626502491937848,Covid-19
47,,GTA,0.9074171797126942,Covid-19
48,,GTG,1.109352096159484,Covid-19
49,,GCT,1.7575996841689696,Covid-19
50,ala,GCC,0.6371891038294513,Covid-19
51,ala,GCA,1.3055665219107777,Covid-19
52,ala,GCG,0.2996446900908014,Covid-19
53,,GAT,1.1183431952662721,Covid-19
54,asp,GAC,0.8816568047337278,Covid-19
55,glu,GAA,1.2914163663062341,Covid-19
56,glu,GAG,0.7085836336937659,Covid-19
57,,GGT,1.6463349952264772,Covid-19
58,gly,GGC,0.8044977193168559,Covid-19
59,gly,GGA,1.0353240691630423,Covid-19
60,gly,GGG,0.5138432162936247,Covid-19
